deception_prob,p_simulated,n_trials
0.10,0.100900,10000
0.16,0.158700,10000
0.22,0.222900,10000
0.28,0.279200,10000
0.34,0.343100,10000
0.40,0.394100,10000
0.46,0.463200,10000
0.52,0.516200,10000
0.58,0.578200,10000
0.60,0.594900,10000
