msg_size,mean_ms
32,0.4749916115000007
128,0.4755569989999997
256,0.47579772250000013
512,0.4763825205000006
1024,0.47966656500000054
